number of elments,reverse,almost sorted,shuffed,sorted
1000,0.07389854000000001
2000,0.13845608299999998
3000,0.22498721499999996
4000,0.302289457
5000,0.38133015800000003
6000,0.4745504119999999