number of elments,reverse,almost sorted,shuffed,sorted
2,1.8900000000043882e-06,
3,2.4309999999971854e-06,
4,2.2709999999981356e-06,