number of elments,reverse,almost sorted,shuffed,sorted
10000,0.845836299
20000,1.8428834109999999
30000,2.7313294519999998
40000,3.775598229
50000,4.876172263999999
60000,5.874233589000001