number of elements,reverse
2,2.6978999999996423e-05
100002,9.83346442
200002,22.819159027999998
300002,30.961748479
400002,43.117862751000004
500002,57.84771245099999
600002,72.16466796400002
700002,87.02747305899999
