number of elements,reverse
2,4.1269000000010436e-05
10002,0.963498739
20002,1.890227912
30002,2.886920243
40002,3.9518523709999993
50002,5.294487921
60002,4.993745906000001
70002,6.068804327999999
80002,7.816906259
90002,10.640926707000006
100002,9.637539610000005
110002,11.824238717000007
120002,13.037209727000004
130002,15.174544001000001
140002,15.588605618000003
150002,15.280102354999997
160002,17.432298789999976
170002,17.645394877
180002,20.726379127
190002,20.950988273999997
200002,21.794757591000007
210002,22.430126907000016
220002,26.68948359799998
230002,25.440625173
240002,28.093827862000012
250002,29.679837905
260002,30.75436738100001
